Diekirch,10.0
Echternach,1.864789007098526
Steinfort,1.7056392748377287
Rumelange,1.6873462389782834
Bascharage,1.1224706849740052
Mondorf-les-Bains,0.9691353254522863
Mersch,0.03198477884769904
Clervaux,0.03198477884769904
Redange-sur-Attert,0.03198477884769904
Grevenmacher,0.03198477884769904
Capellen,0.03198477884769904
Wiltz,0.03198477884769904
Vianden,0.03198477884769904
Remich,0.022310691235759204
Esch-sur-Alzette,2.3738885528168352e-08
Luxembourg,3.041203796814897e-14
