Freeport City,10.0
Marsh Harbour,0.010665034130908309
Nassau,9.421225154444586e-05
