Tofol,10.0
Weno,10.0
Colonia,10.0
Kolonia,0.07826548517051418
Palikir,0.07826548517051418
