Al ‘Ayn,10.0
Abu Dhabi,1.8874072407265095e-14
‘Ajmān,1.1354880653474467e-17
Ra’s al Khaymah,8.806325738546106e-19
Al Fujayrah,1.4843553333159314e-19
Umm al Qaywayn,4.893948194085178e-20
Madīnat Zāyid,3.565149874889256e-20
Sharjah,1.548711038375906e-20
Dubai,2.6979077496227445e-24
