Kenema,10.0
Bo,0.19740654735569033
Makeni,4.673928828614078e-07
Port Loko,4.673928828614078e-07
Koidu-Bulma,4.6154642776676536e-07
Freetown,4.965350652953617e-13
