Basse-Terre,10.0
Lasserre,7.279331296931049
Pointe-à-Pitre,0.005140901865777074
