Schaan,10.0
Eschen,5.26919039267729e-06
Mauren,1.499354337955173e-06
Triesenberg,7.330090221179614e-17
Ruggell,5.334791383358352e-18
Gamprin,1.0835930738475269e-19
Schellenberg,6.480231743842758e-21
Planken,5.447847555831531e-22
Balzers,5.447847555831531e-22
Triesen,5.447847555831531e-22
Vaduz,2.3971644597980972e-30
