Melekeok,10.0
Koror,3.159695607004438e-05
Ngerulmud,5.491774799927362e-07
