Ali Sabieh,10.0
Dikhil,4.57326760106682
Obock,0.1896199902780142
Tadjourah,0.054539024018281645
Arta,0.054539024018281645
Djibouti,1.0532262421136521e-09
