Linden,10.0
Anna Regina,1.7111445354673917e-19
Princetown,8.879343112191198e-20
Bartica,4.547139021110302e-20
New Amsterdam,5.111339286024991e-22
Lethem,8.527242153496856e-24
Fort Wellington,8.353457316296385e-24
Mahdia,8.353457316296385e-24
Mabaruma,8.353457316296385e-24
Vreed-en-Hoop,8.353457316296385e-24
Ituni,1.2064789656424655e-24
Georgetown,3.775319218745688e-32
