Al Jahrā’,10.0
Abū Ḩulayfah,3.1226038551289834
Al Aḩmadī,0.13705180269006656
Al Wafrah,0.02824681157087583
Kuwait City,2.1094464352079838e-08
