Al Muḩarraq,10.0
Madīnat Ḩamad,3.021823673159975e-14
Madīnat ‘Īsá,1.445194675751864e-16
Manama,2.6109643272308014e-19
