Mutsamudu,10.0
Fomboni,10.0
Mkazi,4.310680479885227e-11
Mitsamiouli,2.55837356284391e-11
Moroni,7.014049572006125e-15
