Akureyri,10.0
Keflavík,4.6952527682484755e-08
Garðabær,1.8481589706034223e-08
Hafnarfjörður,9.692832765058948e-15
Akranes,9.912694337184729e-20
Kópavogur,8.851388340645347e-20
Selfoss,4.4972061826227615e-20
Sauðárkrókur,3.149732803198555e-22
Ísafjörður,2.9663984311804325e-22
Höfn,2.379013091784243e-22
Egilsstaðir,2.2544328605182617e-22
Borgarnes,1.59991344274514e-22
Reykjavík,4.926693863924557e-30
