Quartier Militaire,10.0
Port Louis,2.4645570901376272
Centre de Flacq,1.8609740615009014
Port Mathurin,0.26484965688903034
Cap Malheureux,0.22789974952455205
Curepipe,1.4614920908299155e-05
