Sola,10.0
Isangel,3.911449687741352
Saratamata,3.911449687741352
Lakatoro,3.911449687741352
Luganville,3.9114480866268857
Port-Vila,3.9114432878249463
